{"count":1,"self":32098.772582399997,"total":32098.847801,"children":{"InitializeActuators":{"count":2,"self":0.0009712,"total":0.0009712,"children":null},"InitializeSensors":{"count":2,"self":0.0010565,"total":0.0010565,"children":null},"AgentSendState":{"count":792,"self":0.0045321,"total":0.016627299999999998,"children":{"CollectObservations":{"count":159,"self":0.0030153,"total":0.0030153,"children":null},"WriteActionMask":{"count":159,"self":0.0010054999999999999,"total":0.0010054999999999999,"children":null},"RequestDecision":{"count":159,"self":0.0080743999999999989,"total":0.0080743999999999989,"children":null}}},"DecideAction":{"count":792,"self":0.054186899999999996,"total":0.054186899999999996,"children":null},"AgentAct":{"count":792,"self":0.001522,"total":0.001522,"children":null}},"gauges":{"MoveToBall.CumulativeReward":{"count":2,"max":-4.09999752,"min":-4.659997,"runningAverage":-4.37999725,"value":-4.659997,"weightedAverage":-4.23999739}},"metadata":{"timer_format_version":"0.1.0","start_time_seconds":"1780650156","unity_version":"6000.4.9f1","command_line_arguments":"X:\\Unity Hub\\6000.4.9f1\\Editor\\Unity.exe -projectPath Z:\\Unity Projects\\Unity ML Agents Toolkit Tutorial Project","communication_protocol_version":"1.5.0","com.unity.ml-agents_version":"4.0.3","scene_name":"SampleScene","end_time_seconds":"1780682255"}}