{"count":1,"self":17.0863504,"total":78.213994599999992,"children":{"InitializeActuators":{"count":40,"self":0.0010058,"total":0.0010058,"children":null},"InitializeSensors":{"count":40,"self":0.0010035999999999999,"total":0.0010035999999999999,"children":null},"AgentSendState":{"count":24184,"self":0.1176636,"total":0.64200329999999994,"children":{"CollectObservations":{"count":96740,"self":0.0714906,"total":0.0714906,"children":null},"WriteActionMask":{"count":96740,"self":0.0158347,"total":0.0158347,"children":null},"RequestDecision":{"count":96740,"self":0.1216255,"total":0.43701439999999997,"children":{"AgentInfo.ToProto":{"count":96740,"self":0.0935385,"total":0.31538889999999997,"children":{"GenerateSensorData":{"count":96740,"self":0.2218504,"total":0.2218504,"children":null}}}}}}},"DecideAction":{"count":24184,"self":60.1188224,"total":60.118823899999995,"children":null},"AgentAct":{"count":24184,"self":0.3314645,"total":0.3324678,"children":{"AgentInfo.ToProto":{"count":36,"self":0,"total":0.0010033,"children":{"GenerateSensorData":{"count":36,"self":0.0010033,"total":0.0010033,"children":null}}}}},"AgentInfo.ToProto":{"count":2942,"self":0.014548199999999999,"total":0.0308295,"children":{"GenerateSensorData":{"count":2942,"self":0.0162813,"total":0.0162813,"children":null}}}},"gauges":{"MoveToBall.CumulativeReward":{"count":2978,"max":0.6200001,"min":-10.6501265,"runningAverage":-0.616485834,"value":0.270000428,"weightedAverage":0.368770868}},"metadata":{"timer_format_version":"0.1.0","start_time_seconds":"1780646963","unity_version":"6000.4.9f1","command_line_arguments":"X:\\Unity Hub\\6000.4.9f1\\Editor\\Unity.exe -projectPath Z:\\Unity Projects\\Unity ML Agents Toolkit Tutorial Project","communication_protocol_version":"1.5.0","com.unity.ml-agents_version":"4.0.3","scene_name":"SampleScene","end_time_seconds":"1780647041"}}